student_id,student_name,country
S1000,Allison Hill,Czech Republic
S1001,Brian Yang,Mauritius
S1002,Javier Johnson,Cuba
S1003,Lance Hoffman,Saint Barthelemy
S1004,Kimberly Robinson,Myanmar
S1005,Sean Blake,Cayman Islands
S1006,Gina Moore,Serbia
S1007,Brandon Davis,Tanzania
S1008,Dennis Williams,Kuwait
S1009,Valerie Gray,Mexico
S1010,Mark Mcclure,Guyana
S1011,Michele Williams,Denmark
S1012,Victoria Wyatt,Tonga
S1013,Donald Reid,Haiti
S1014,Henry Santiago,Reunion
S1015,Maria Lynch,Chile
S1016,Danielle Ford,Faroe Islands
S1017,Margaret Hawkins DDS,Tajikistan
S1018,Amy Underwood,Sri Lanka
S1019,Derek Clark,Western Sahara
S1020,Michelle Lewis,Luxembourg
S1021,Thomas Ellis,Estonia
S1022,Patrick Ryan,San Marino
S1023,Stephanie Ross,Cyprus
S1024,Brenda Snyder PhD,Tokelau
S1025,Mark Conner,Jamaica
S1026,Janice Carlson,Lao People's Democratic Republic
S1027,Tricia Valencia,Algeria
S1028,Ashley Dyer,Sao Tome and Principe
S1029,Martin Rodriguez,Jordan
S1030,Aaron Bowen,Saint Helena
S1031,Jonathan White,United States Minor Outlying Islands
S1032,Mario Skinner,Macedonia
S1033,Brittany Farmer,Mauritania
S1034,Tammy Sellers,Nepal
S1035,Alec Hickman,Turkey
S1036,Dr. Cynthia Allen,Mongolia
S1037,Angelica Tucker,Bangladesh
S1038,Kim Martinez,Palestinian Territory
S1039,Joshua Baker,Tunisia
S1040,Tracey Hickman,Saudi Arabia
S1041,Christina Collins,Paraguay
S1042,Jessica Holmes,British Indian Ocean Territory (Chagos Archipelago)
S1043,Austin Smith,Mexico
S1044,Daniel Jones,Niue
S1045,Austin Johnson,Greenland
S1046,David Caldwell,Croatia
S1047,Miranda Khan,Montserrat
S1048,Richard Aguirre,Comoros
S1049,Matthew Gomez,Isle of Man
S1050,Nicholas Nunez,Oman
S1051,James Morgan,Tokelau
S1052,Corey Herrera,Burundi
S1053,Donald Wright,Uzbekistan
S1054,Robert Chase,Bolivia
S1055,Zachary Huff,Bermuda
S1056,Sarah Martin,Libyan Arab Jamahiriya
S1057,Dr. Steven Martin,Afghanistan
S1058,Mrs. Rachel Gibson,Jamaica
S1059,Monica Logan,Panama
S1060,Brittney Phillips,Azerbaijan
S1061,Kimberly Adkins,Azerbaijan
S1062,John Calhoun,Malta
S1063,Tyler Miller,Colombia
S1064,Barry Hensley,Iraq
S1065,Steve Sanchez,Nauru
S1066,Bradley Sandoval,Monaco
S1067,Taylor Harris,Saint Barthelemy
S1068,Derek Anderson,Oman
S1069,Eugene Walton,Barbados
S1070,Marc Hart,Bolivia
S1071,Daniel Baker,Venezuela
S1072,Benjamin Sanchez,Finland
S1073,Roy Warner,New Caledonia
S1074,Dr. Kendra Contreras,Mexico
S1075,Matthew Mcmillan,Burkina Faso
S1076,Steve Newton,Cape Verde
S1077,Larry Robbins,Costa Rica
S1078,Sarah Wagner,El Salvador
S1079,Sarah Davis,Jamaica
S1080,Amanda Cook,Bulgaria
S1081,Deborah Figueroa,Mexico
S1082,Kristina Rodriguez,Western Sahara
S1083,Stephanie Gardner,Syrian Arab Republic
S1084,Juan Jordan,Armenia
S1085,Steven Flynn,Tokelau
S1086,Hunter Fleming,Papua New Guinea
S1087,Richard Henson,Ireland
S1088,Nicole Frost,Dominica
S1089,Vanessa Cochran,Turkmenistan
S1090,Christopher Middleton,Slovenia
S1091,Rebekah Shields,Sudan
S1092,Christopher Haynes,Hong Kong
S1093,Shannon Walker,Svalbard & Jan Mayen Islands
S1094,Hannah Hoover,Tunisia
S1095,Alexander Lee,Greenland
S1096,Benjamin Ayala,Guernsey
S1097,Jennifer Zavala,Martinique
S1098,Alexander Wiley,Eritrea
S1099,Victor Baker,Botswana
